series,date,actual,q10,q50,q90
PH038-7,2026-01-24,16.0,,,
PH038-7,2026-01-25,4.0,,,
PH038-7,2026-01-26,29.0,,,
PH038-7,2026-01-27,20.0,,,
PH038-7,2026-01-28,21.0,,,
PH038-7,2026-01-29,14.0,,,
PH038-7,2026-01-30,16.0,,,
PH038-7,2026-01-31,11.0,,,
PH038-7,2026-02-01,12.0,,,
PH038-7,2026-02-02,9.0,,,
PH038-7,2026-02-03,55.0,,,
PH038-7,2026-02-04,11.0,,,
PH038-7,2026-02-05,19.0,,,
PH038-7,2026-02-06,21.0,,,
PH038-7,2026-02-07,21.0,,,
PH038-7,2026-02-08,7.0,,,
PH038-7,2026-02-09,26.0,,,
PH038-7,2026-02-10,39.0,,,
PH038-7,2026-02-11,16.0,,,
PH038-7,2026-02-12,20.0,,,
PH038-7,2026-02-13,18.0,,,
PH038-7,2026-02-14,20.0,,,
PH038-7,2026-02-15,10.0,,,
PH038-7,2026-02-16,29.0,,,
PH038-7,2026-02-17,20.0,,,
PH038-7,2026-02-18,18.0,,,
PH038-7,2026-02-19,13.0,,,
PH038-7,2026-02-20,29.0,,,
PH038-7,2026-02-21,15.0,,,
PH038-7,2026-02-22,0.0,,,
PH038-7,2026-02-23,26.0,,,
PH038-7,2026-02-24,22.0,,,
PH038-7,2026-02-25,14.0,,,
PH038-7,2026-02-26,9.0,,,
PH038-7,2026-02-27,12.0,,,
PH038-7,2026-02-28,19.0,,,
PH038-7,2026-03-01,14.0,,,
PH038-7,2026-03-02,12.0,,,
PH038-7,2026-03-03,28.0,,,
PH038-7,2026-03-04,11.0,,,
PH038-7,2026-03-05,8.0,,,
PH038-7,2026-03-06,21.0,,,
PH038-7,2026-03-07,10.0,,,
PH038-7,2026-03-08,8.0,,,
PH038-7,2026-03-09,11.0,,,
PH038-7,2026-03-10,0.0,,,
PH038-7,2026-03-11,18.0,,,
PH038-7,2026-03-12,16.0,,,
PH038-7,2026-03-13,18.0,,,
PH038-7,2026-03-14,12.0,,,
PH038-7,2026-03-15,8.0,,,
PH038-7,2026-03-16,6.0,,,
PH038-7,2026-03-17,29.0,,,
PH038-7,2026-03-18,11.0,,,
PH038-7,2026-03-19,34.0,,,
PH038-7,2026-03-20,31.0,,,
PH038-7,2026-03-21,33.0,,,
PH038-7,2026-03-22,43.0,,,
PH038-7,2026-03-23,7.0,,,
PH038-7,2026-03-24,22.0,,,
PH038-7,2026-03-25,3.0,,,
PH038-7,2026-03-26,31.0,,,
PH038-7,2026-03-27,10.0,,,
PH038-7,2026-03-28,10.0,,,
PH038-7,2026-03-29,30.0,,,
PH038-7,2026-03-30,49.0,,,
PH038-7,2026-03-31,25.0,,,
PH038-7,2026-04-01,19.0,,,
PH038-7,2026-04-02,22.0,,,
PH038-7,2026-04-03,11.0,,,
PH038-7,2026-04-04,7.0,,,
PH038-7,2026-04-05,0.0,,,
PH038-7,2026-04-06,5.0,,,
PH038-7,2026-04-07,14.0,,,
PH038-7,2026-04-08,7.0,,,
PH038-7,2026-04-09,30.0,,,
PH038-7,2026-04-10,27.0,,,
PH038-7,2026-04-11,29.0,,,
PH038-7,2026-04-12,23.0,,,
PH038-7,2026-04-13,24.0,,,
PH038-7,2026-04-14,15.0,,,
PH038-7,2026-04-15,12.0,,,
PH038-7,2026-04-16,9.0,,,
PH038-7,2026-04-17,7.0,,,
PH038-7,2026-04-18,9.0,,,
PH038-7,2026-04-19,7.0,,,
PH038-7,2026-04-20,19.0,,,
PH038-7,2026-04-21,17.0,,,
PH038-7,2026-04-22,19.0,,,
PH038-7,2026-04-23,30.0,,,
PH038-7,2026-04-24,10.0,,,
PH038-7,2026-04-25,9.0,,,
PH038-7,2026-04-26,26.0,,,
PH038-7,2026-04-27,16.0,,,
PH038-7,2026-04-28,10.0,,,
PH038-7,2026-04-29,19.0,,,
PH038-7,2026-04-30,6.0,,,
PH038-7,2026-05-01,0.0,,,
PH038-7,2026-05-02,13.0,,,
PH038-7,2026-05-03,11.0,,,
PH038-7,2026-05-04,26.0,,,
PH038-7,2026-05-05,2.0,,,
PH038-7,2026-05-06,12.0,,,
PH038-7,2026-05-07,26.0,,,
PH038-7,2026-05-08,13.0,,,
PH038-7,2026-05-09,0.0,,,
PH038-7,2026-05-10,6.0,,,
PH038-7,2026-05-11,13.0,,,
PH038-7,2026-05-12,27.0,,,
PH038-7,2026-05-13,20.0,,,
PH038-7,2026-05-14,20.0,,,
PH038-7,2026-05-15,18.0,,,
PH038-7,2026-05-16,13.0,,,
PH038-7,2026-05-17,29.0,,,
PH038-7,2026-05-18,11.0,,,
PH038-7,2026-05-19,23.0,,,
PH038-7,2026-05-20,14.0,,,
PH038-7,2026-05-21,8.0,,,
PH038-7,2026-05-22,18.0,,,
PH038-7,2026-05-23,3.0,,,
PH038-7,2026-05-24,14.0,,,
PH038-7,2026-05-25,11.0,,,
PH038-7,2026-05-26,24.0,,,
PH038-7,2026-05-27,12.0,,,
PH038-7,2026-05-28,11.0,,,
PH038-7,2026-05-29,16.0,,,
PH038-7,2026-05-30,6.0,,,
PH038-7,2026-05-31,12.0,,,
PH038-7,2026-06-01,17.0,,,
PH038-7,2026-06-02,13.0,,,
PH038-7,2026-06-03,12.0,,,
PH038-7,2026-06-04,30.0,,,
PH038-7,2026-06-05,26.0,,,
PH038-7,2026-06-06,31.0,,,
PH038-7,2026-06-07,29.0,,,
PH038-7,2026-06-08,18.0,,,
PH038-7,2026-06-09,22.0,,,
PH038-7,2026-06-10,6.0,,,
PH038-7,2026-06-11,16.0,,,
PH038-7,2026-06-12,13.0,,,
PH038-7,2026-06-13,5.0,,,
PH038-7,2026-06-14,15.0,,,
PH038-7,2026-06-15,9.0,,,
PH038-7,2026-06-16,10.0,,,
PH038-7,2026-06-17,28.0,,,
PH038-7,2026-06-18,10.0,,,
PH038-7,2026-06-19,20.0,,,
PH038-7,2026-06-20,0.0,,,
PH038-7,2026-06-21,31.0,,,
PH038-7,2026-06-22,24.0,,,
PH038-7,2026-06-23,10.0,,,
PH038-7,2026-06-24,9.0,,,
PH038-7,2026-06-25,5.0,,,
PH038-7,2026-06-26,30.0,,,
PH038-7,2026-06-27,24.0,,,
PH038-7,2026-06-28,21.0,,,
PH038-7,2026-06-29,20.0,,,
PH038-7,2026-06-30,22.0,,,
PH038-7,2026-07-01,13.0,,,
PH038-7,2026-07-02,12.0,,,
PH038-7,2026-07-03,1.0,,,
PH038-7,2026-07-04,18.0,,,
PH038-7,2026-07-05,19.0,,,
PH038-7,2026-07-06,16.0,,,
PH038-7,2026-07-07,19.0,,,
PH038-7,2026-07-08,27.0,,,
PH038-7,2026-07-09,0.0,,,
PH038-7,2026-07-10,23.0,,,
PH038-7,2026-07-11,5.0,,,
PH038-7,2026-07-12,10.0,,,
PH038-7,2026-07-13,4.0,,,
PH038-7,2026-07-14,5.0,,,
PH038-7,2026-07-15,32.0,,,
PH038-7,2026-07-16,11.0,,,
PH038-7,2026-07-17,10.0,,,
PH038-7,2026-07-18,27.0,,,
PH038-7,2026-07-19,42.0,,,
PH038-7,2026-07-20,12.0,,,
PH038-7,2026-07-21,34.0,,,
PH038-7,2026-07-22,16.0,,,
PH038-7,FORECAST,,75.95,108.92,141.89
SY0084-9,2026-01-24,11.0,,,
SY0084-9,2026-01-25,17.0,,,
SY0084-9,2026-01-26,18.0,,,
SY0084-9,2026-01-27,26.0,,,
SY0084-9,2026-01-28,25.0,,,
SY0084-9,2026-01-29,11.0,,,
SY0084-9,2026-01-30,2.0,,,
SY0084-9,2026-01-31,18.0,,,
SY0084-9,2026-02-01,24.0,,,
SY0084-9,2026-02-02,0.0,,,
SY0084-9,2026-02-03,36.0,,,
SY0084-9,2026-02-04,0.0,,,
SY0084-9,2026-02-05,10.0,,,
SY0084-9,2026-02-06,8.0,,,
SY0084-9,2026-02-07,18.0,,,
SY0084-9,2026-02-08,21.0,,,
SY0084-9,2026-02-09,11.0,,,
SY0084-9,2026-02-10,4.0,,,
SY0084-9,2026-02-11,17.0,,,
SY0084-9,2026-02-12,10.0,,,
SY0084-9,2026-02-13,22.0,,,
SY0084-9,2026-02-14,20.0,,,
SY0084-9,2026-02-15,0.0,,,
SY0084-9,2026-02-16,28.0,,,
SY0084-9,2026-02-17,21.0,,,
SY0084-9,2026-02-18,15.0,,,
SY0084-9,2026-02-19,18.0,,,
SY0084-9,2026-02-20,17.0,,,
SY0084-9,2026-02-21,22.0,,,
SY0084-9,2026-02-22,43.0,,,
SY0084-9,2026-02-23,13.0,,,
SY0084-9,2026-02-24,12.0,,,
SY0084-9,2026-02-25,22.0,,,
SY0084-9,2026-02-26,22.0,,,
SY0084-9,2026-02-27,0.0,,,
SY0084-9,2026-02-28,22.0,,,
SY0084-9,2026-03-01,18.0,,,
SY0084-9,2026-03-02,21.0,,,
SY0084-9,2026-03-03,25.0,,,
SY0084-9,2026-03-04,14.0,,,
SY0084-9,2026-03-05,15.0,,,
SY0084-9,2026-03-06,16.0,,,
SY0084-9,2026-03-07,27.0,,,
SY0084-9,2026-03-08,18.0,,,
SY0084-9,2026-03-09,9.0,,,
SY0084-9,2026-03-10,7.0,,,
SY0084-9,2026-03-11,2.0,,,
SY0084-9,2026-03-12,2.0,,,
SY0084-9,2026-03-13,28.0,,,
SY0084-9,2026-03-14,0.0,,,
SY0084-9,2026-03-15,11.0,,,
SY0084-9,2026-03-16,11.0,,,
SY0084-9,2026-03-17,27.0,,,
SY0084-9,2026-03-18,29.0,,,
SY0084-9,2026-03-19,0.0,,,
SY0084-9,2026-03-20,20.0,,,
SY0084-9,2026-03-21,23.0,,,
SY0084-9,2026-03-22,11.0,,,
SY0084-9,2026-03-23,15.0,,,
SY0084-9,2026-03-24,33.0,,,
SY0084-9,2026-03-25,0.0,,,
SY0084-9,2026-03-26,15.0,,,
SY0084-9,2026-03-27,13.0,,,
SY0084-9,2026-03-28,12.0,,,
SY0084-9,2026-03-29,23.0,,,
SY0084-9,2026-03-30,9.0,,,
SY0084-9,2026-03-31,11.0,,,
SY0084-9,2026-04-01,11.0,,,
SY0084-9,2026-04-02,13.0,,,
SY0084-9,2026-04-03,9.0,,,
SY0084-9,2026-04-04,19.0,,,
SY0084-9,2026-04-05,20.0,,,
SY0084-9,2026-04-06,12.0,,,
SY0084-9,2026-04-07,11.0,,,
SY0084-9,2026-04-08,0.0,,,
SY0084-9,2026-04-09,17.0,,,
SY0084-9,2026-04-10,12.0,,,
SY0084-9,2026-04-11,22.0,,,
SY0084-9,2026-04-12,0.0,,,
SY0084-9,2026-04-13,4.0,,,
SY0084-9,2026-04-14,35.0,,,
SY0084-9,2026-04-15,12.0,,,
SY0084-9,2026-04-16,14.0,,,
SY0084-9,2026-04-17,16.0,,,
SY0084-9,2026-04-18,36.0,,,
SY0084-9,2026-04-19,10.0,,,
SY0084-9,2026-04-20,14.0,,,
SY0084-9,2026-04-21,15.0,,,
SY0084-9,2026-04-22,15.0,,,
SY0084-9,2026-04-23,27.0,,,
SY0084-9,2026-04-24,27.0,,,
SY0084-9,2026-04-25,19.0,,,
SY0084-9,2026-04-26,4.0,,,
SY0084-9,2026-04-27,13.0,,,
SY0084-9,2026-04-28,18.0,,,
SY0084-9,2026-04-29,0.0,,,
SY0084-9,2026-04-30,0.0,,,
SY0084-9,2026-05-01,12.0,,,
SY0084-9,2026-05-02,36.0,,,
SY0084-9,2026-05-03,21.0,,,
SY0084-9,2026-05-04,11.0,,,
SY0084-9,2026-05-05,0.0,,,
SY0084-9,2026-05-06,46.0,,,
SY0084-9,2026-05-07,23.0,,,
SY0084-9,2026-05-08,14.0,,,
SY0084-9,2026-05-09,15.0,,,
SY0084-9,2026-05-10,19.0,,,
SY0084-9,2026-05-11,14.0,,,
SY0084-9,2026-05-12,35.0,,,
SY0084-9,2026-05-13,39.0,,,
SY0084-9,2026-05-14,19.0,,,
SY0084-9,2026-05-15,10.0,,,
SY0084-9,2026-05-16,17.0,,,
SY0084-9,2026-05-17,3.0,,,
SY0084-9,2026-05-18,23.0,,,
SY0084-9,2026-05-19,16.0,,,
SY0084-9,2026-05-20,19.0,,,
SY0084-9,2026-05-21,35.0,,,
SY0084-9,2026-05-22,18.0,,,
SY0084-9,2026-05-23,27.0,,,
SY0084-9,2026-05-24,0.0,,,
SY0084-9,2026-05-25,0.0,,,
SY0084-9,2026-05-26,3.0,,,
SY0084-9,2026-05-27,0.0,,,
SY0084-9,2026-05-28,28.0,,,
SY0084-9,2026-05-29,15.0,,,
SY0084-9,2026-05-30,53.0,,,
SY0084-9,2026-05-31,17.0,,,
SY0084-9,2026-06-01,2.0,,,
SY0084-9,2026-06-02,14.0,,,
SY0084-9,2026-06-03,40.0,,,
SY0084-9,2026-06-04,0.0,,,
SY0084-9,2026-06-05,39.0,,,
SY0084-9,2026-06-06,7.0,,,
SY0084-9,2026-06-07,25.0,,,
SY0084-9,2026-06-08,0.0,,,
SY0084-9,2026-06-09,15.0,,,
SY0084-9,2026-06-10,0.0,,,
SY0084-9,2026-06-11,6.0,,,
SY0084-9,2026-06-12,32.0,,,
SY0084-9,2026-06-13,19.0,,,
SY0084-9,2026-06-14,27.0,,,
SY0084-9,2026-06-15,7.0,,,
SY0084-9,2026-06-16,8.0,,,
SY0084-9,2026-06-17,13.0,,,
SY0084-9,2026-06-18,6.0,,,
SY0084-9,2026-06-19,50.0,,,
SY0084-9,2026-06-20,0.0,,,
SY0084-9,2026-06-21,12.0,,,
SY0084-9,2026-06-22,14.0,,,
SY0084-9,2026-06-23,15.0,,,
SY0084-9,2026-06-24,43.0,,,
SY0084-9,2026-06-25,12.0,,,
SY0084-9,2026-06-26,41.0,,,
SY0084-9,2026-06-27,11.0,,,
SY0084-9,2026-06-28,23.0,,,
SY0084-9,2026-06-29,19.0,,,
SY0084-9,2026-06-30,19.0,,,
SY0084-9,2026-07-01,15.0,,,
SY0084-9,2026-07-02,24.0,,,
SY0084-9,2026-07-03,18.0,,,
SY0084-9,2026-07-04,32.0,,,
SY0084-9,2026-07-05,0.0,,,
SY0084-9,2026-07-06,24.0,,,
SY0084-9,2026-07-07,10.0,,,
SY0084-9,2026-07-08,29.0,,,
SY0084-9,2026-07-09,8.0,,,
SY0084-9,2026-07-10,40.0,,,
SY0084-9,2026-07-11,16.0,,,
SY0084-9,2026-07-12,9.0,,,
SY0084-9,2026-07-13,29.0,,,
SY0084-9,2026-07-14,17.0,,,
SY0084-9,2026-07-15,50.0,,,
SY0084-9,2026-07-16,0.0,,,
SY0084-9,2026-07-17,37.0,,,
SY0084-9,2026-07-18,7.0,,,
SY0084-9,2026-07-19,0.0,,,
SY0084-9,2026-07-20,9.0,,,
SY0084-9,2026-07-21,22.0,,,
SY0084-9,2026-07-22,0.0,,,
SY0084-9,FORECAST,,88.38,127.7,167.02
SY0047-3,2026-01-24,0.0,,,
SY0047-3,2026-01-25,6.0,,,
SY0047-3,2026-01-26,5.0,,,
SY0047-3,2026-01-27,37.0,,,
SY0047-3,2026-01-28,23.0,,,
SY0047-3,2026-01-29,7.0,,,
SY0047-3,2026-01-30,4.0,,,
SY0047-3,2026-01-31,5.0,,,
SY0047-3,2026-02-01,37.0,,,
SY0047-3,2026-02-02,10.0,,,
SY0047-3,2026-02-03,8.0,,,
SY0047-3,2026-02-04,0.0,,,
SY0047-3,2026-02-05,25.0,,,
SY0047-3,2026-02-06,0.0,,,
SY0047-3,2026-02-07,16.0,,,
SY0047-3,2026-02-08,11.0,,,
SY0047-3,2026-02-09,9.0,,,
SY0047-3,2026-02-10,0.0,,,
SY0047-3,2026-02-11,26.0,,,
SY0047-3,2026-02-12,15.0,,,
SY0047-3,2026-02-13,8.0,,,
SY0047-3,2026-02-14,15.0,,,
SY0047-3,2026-02-15,0.0,,,
SY0047-3,2026-02-16,26.0,,,
SY0047-3,2026-02-17,3.0,,,
SY0047-3,2026-02-18,0.0,,,
SY0047-3,2026-02-19,27.0,,,
SY0047-3,2026-02-20,20.0,,,
SY0047-3,2026-02-21,8.0,,,
SY0047-3,2026-02-22,0.0,,,
SY0047-3,2026-02-23,13.0,,,
SY0047-3,2026-02-24,2.0,,,
SY0047-3,2026-02-25,0.0,,,
SY0047-3,2026-02-26,23.0,,,
SY0047-3,2026-02-27,17.0,,,
SY0047-3,2026-02-28,13.0,,,
SY0047-3,2026-03-01,20.0,,,
SY0047-3,2026-03-02,0.0,,,
SY0047-3,2026-03-03,15.0,,,
SY0047-3,2026-03-04,26.0,,,
SY0047-3,2026-03-05,14.0,,,
SY0047-3,2026-03-06,9.0,,,
SY0047-3,2026-03-07,6.0,,,
SY0047-3,2026-03-08,0.0,,,
SY0047-3,2026-03-09,5.0,,,
SY0047-3,2026-03-10,40.0,,,
SY0047-3,2026-03-11,0.0,,,
SY0047-3,2026-03-12,18.0,,,
SY0047-3,2026-03-13,15.0,,,
SY0047-3,2026-03-14,24.0,,,
SY0047-3,2026-03-15,13.0,,,
SY0047-3,2026-03-16,20.0,,,
SY0047-3,2026-03-17,0.0,,,
SY0047-3,2026-03-18,11.0,,,
SY0047-3,2026-03-19,32.0,,,
SY0047-3,2026-03-20,26.0,,,
SY0047-3,2026-03-21,11.0,,,
SY0047-3,2026-03-22,12.0,,,
SY0047-3,2026-03-23,0.0,,,
SY0047-3,2026-03-24,15.0,,,
SY0047-3,2026-03-25,3.0,,,
SY0047-3,2026-03-26,12.0,,,
SY0047-3,2026-03-27,23.0,,,
SY0047-3,2026-03-28,0.0,,,
SY0047-3,2026-03-29,14.0,,,
SY0047-3,2026-03-30,24.0,,,
SY0047-3,2026-03-31,22.0,,,
SY0047-3,2026-04-01,9.0,,,
SY0047-3,2026-04-02,13.0,,,
SY0047-3,2026-04-03,24.0,,,
SY0047-3,2026-04-04,18.0,,,
SY0047-3,2026-04-05,65.0,,,
SY0047-3,2026-04-06,8.0,,,
SY0047-3,2026-04-07,23.0,,,
SY0047-3,2026-04-08,11.0,,,
SY0047-3,2026-04-09,18.0,,,
SY0047-3,2026-04-10,12.0,,,
SY0047-3,2026-04-11,6.0,,,
SY0047-3,2026-04-12,30.0,,,
SY0047-3,2026-04-13,17.0,,,
SY0047-3,2026-04-14,23.0,,,
SY0047-3,2026-04-15,16.0,,,
SY0047-3,2026-04-16,15.0,,,
SY0047-3,2026-04-17,23.0,,,
SY0047-3,2026-04-18,18.0,,,
SY0047-3,2026-04-19,8.0,,,
SY0047-3,2026-04-20,4.0,,,
SY0047-3,2026-04-21,0.0,,,
SY0047-3,2026-04-22,30.0,,,
SY0047-3,2026-04-23,23.0,,,
SY0047-3,2026-04-24,0.0,,,
SY0047-3,2026-04-25,17.0,,,
SY0047-3,2026-04-26,12.0,,,
SY0047-3,2026-04-27,5.0,,,
SY0047-3,2026-04-28,32.0,,,
SY0047-3,2026-04-29,23.0,,,
SY0047-3,2026-04-30,28.0,,,
SY0047-3,2026-05-01,12.0,,,
SY0047-3,2026-05-02,13.0,,,
SY0047-3,2026-05-03,32.0,,,
SY0047-3,2026-05-04,13.0,,,
SY0047-3,2026-05-05,14.0,,,
SY0047-3,2026-05-06,23.0,,,
SY0047-3,2026-05-07,30.0,,,
SY0047-3,2026-05-08,5.0,,,
SY0047-3,2026-05-09,19.0,,,
SY0047-3,2026-05-10,24.0,,,
SY0047-3,2026-05-11,27.0,,,
SY0047-3,2026-05-12,22.0,,,
SY0047-3,2026-05-13,24.0,,,
SY0047-3,2026-05-14,33.0,,,
SY0047-3,2026-05-15,13.0,,,
SY0047-3,2026-05-16,9.0,,,
SY0047-3,2026-05-17,0.0,,,
SY0047-3,2026-05-18,20.0,,,
SY0047-3,2026-05-19,31.0,,,
SY0047-3,2026-05-20,19.0,,,
SY0047-3,2026-05-21,19.0,,,
SY0047-3,2026-05-22,15.0,,,
SY0047-3,2026-05-23,20.0,,,
SY0047-3,2026-05-24,11.0,,,
SY0047-3,2026-05-25,4.0,,,
SY0047-3,2026-05-26,17.0,,,
SY0047-3,2026-05-27,0.0,,,
SY0047-3,2026-05-28,18.0,,,
SY0047-3,2026-05-29,8.0,,,
SY0047-3,2026-05-30,16.0,,,
SY0047-3,2026-05-31,18.0,,,
SY0047-3,2026-06-01,13.0,,,
SY0047-3,2026-06-02,28.0,,,
SY0047-3,2026-06-03,13.0,,,
SY0047-3,2026-06-04,0.0,,,
SY0047-3,2026-06-05,17.0,,,
SY0047-3,2026-06-06,16.0,,,
SY0047-3,2026-06-07,14.0,,,
SY0047-3,2026-06-08,34.0,,,
SY0047-3,2026-06-09,35.0,,,
SY0047-3,2026-06-10,10.0,,,
SY0047-3,2026-06-11,18.0,,,
SY0047-3,2026-06-12,0.0,,,
SY0047-3,2026-06-13,17.0,,,
SY0047-3,2026-06-14,19.0,,,
SY0047-3,2026-06-15,32.0,,,
SY0047-3,2026-06-16,21.0,,,
SY0047-3,2026-06-17,13.0,,,
SY0047-3,2026-06-18,0.0,,,
SY0047-3,2026-06-19,16.0,,,
SY0047-3,2026-06-20,21.0,,,
SY0047-3,2026-06-21,39.0,,,
SY0047-3,2026-06-22,19.0,,,
SY0047-3,2026-06-23,0.0,,,
SY0047-3,2026-06-24,21.0,,,
SY0047-3,2026-06-25,24.0,,,
SY0047-3,2026-06-26,18.0,,,
SY0047-3,2026-06-27,20.0,,,
SY0047-3,2026-06-28,15.0,,,
SY0047-3,2026-06-29,19.0,,,
SY0047-3,2026-06-30,20.0,,,
SY0047-3,2026-07-01,21.0,,,
SY0047-3,2026-07-02,27.0,,,
SY0047-3,2026-07-03,31.0,,,
SY0047-3,2026-07-04,39.0,,,
SY0047-3,2026-07-05,34.0,,,
SY0047-3,2026-07-06,11.0,,,
SY0047-3,2026-07-07,53.0,,,
SY0047-3,2026-07-08,21.0,,,
SY0047-3,2026-07-09,13.0,,,
SY0047-3,2026-07-10,21.0,,,
SY0047-3,2026-07-11,0.0,,,
SY0047-3,2026-07-12,14.0,,,
SY0047-3,2026-07-13,31.0,,,
SY0047-3,2026-07-14,0.0,,,
SY0047-3,2026-07-15,34.0,,,
SY0047-3,2026-07-16,6.0,,,
SY0047-3,2026-07-17,61.0,,,
SY0047-3,2026-07-18,17.0,,,
SY0047-3,2026-07-19,28.0,,,
SY0047-3,2026-07-20,32.0,,,
SY0047-3,2026-07-21,18.0,,,
SY0047-3,2026-07-22,24.0,,,
SY0047-3,FORECAST,,119.32,157.05,194.78
SY0020-27,2026-01-24,0.0,,,
SY0020-27,2026-01-25,0.0,,,
SY0020-27,2026-01-26,20.0,,,
SY0020-27,2026-01-27,9.0,,,
SY0020-27,2026-01-28,16.0,,,
SY0020-27,2026-01-29,0.0,,,
SY0020-27,2026-01-30,10.0,,,
SY0020-27,2026-01-31,9.0,,,
SY0020-27,2026-02-01,17.0,,,
SY0020-27,2026-02-02,17.0,,,
SY0020-27,2026-02-03,9.0,,,
SY0020-27,2026-02-04,7.0,,,
SY0020-27,2026-02-05,17.0,,,
SY0020-27,2026-02-06,18.0,,,
SY0020-27,2026-02-07,27.0,,,
SY0020-27,2026-02-08,0.0,,,
SY0020-27,2026-02-09,21.0,,,
SY0020-27,2026-02-10,0.0,,,
SY0020-27,2026-02-11,18.0,,,
SY0020-27,2026-02-12,45.0,,,
SY0020-27,2026-02-13,9.0,,,
SY0020-27,2026-02-14,8.0,,,
SY0020-27,2026-02-15,16.0,,,
SY0020-27,2026-02-16,5.0,,,
SY0020-27,2026-02-17,31.0,,,
SY0020-27,2026-02-18,14.0,,,
SY0020-27,2026-02-19,0.0,,,
SY0020-27,2026-02-20,12.0,,,
SY0020-27,2026-02-21,10.0,,,
SY0020-27,2026-02-22,16.0,,,
SY0020-27,2026-02-23,17.0,,,
SY0020-27,2026-02-24,23.0,,,
SY0020-27,2026-02-25,16.0,,,
SY0020-27,2026-02-26,19.0,,,
SY0020-27,2026-02-27,15.0,,,
SY0020-27,2026-02-28,26.0,,,
SY0020-27,2026-03-01,12.0,,,
SY0020-27,2026-03-02,22.0,,,
SY0020-27,2026-03-03,30.0,,,
SY0020-27,2026-03-04,19.0,,,
SY0020-27,2026-03-05,8.0,,,
SY0020-27,2026-03-06,18.0,,,
SY0020-27,2026-03-07,4.0,,,
SY0020-27,2026-03-08,15.0,,,
SY0020-27,2026-03-09,27.0,,,
SY0020-27,2026-03-10,8.0,,,
SY0020-27,2026-03-11,22.0,,,
SY0020-27,2026-03-12,22.0,,,
SY0020-27,2026-03-13,18.0,,,
SY0020-27,2026-03-14,29.0,,,
SY0020-27,2026-03-15,22.0,,,
SY0020-27,2026-03-16,10.0,,,
SY0020-27,2026-03-17,13.0,,,
SY0020-27,2026-03-18,14.0,,,
SY0020-27,2026-03-19,9.0,,,
SY0020-27,2026-03-20,19.0,,,
SY0020-27,2026-03-21,18.0,,,
SY0020-27,2026-03-22,9.0,,,
SY0020-27,2026-03-23,20.0,,,
SY0020-27,2026-03-24,0.0,,,
SY0020-27,2026-03-25,13.0,,,
SY0020-27,2026-03-26,22.0,,,
SY0020-27,2026-03-27,25.0,,,
SY0020-27,2026-03-28,8.0,,,
SY0020-27,2026-03-29,15.0,,,
SY0020-27,2026-03-30,0.0,,,
SY0020-27,2026-03-31,32.0,,,
SY0020-27,2026-04-01,21.0,,,
SY0020-27,2026-04-02,19.0,,,
SY0020-27,2026-04-03,21.0,,,
SY0020-27,2026-04-04,6.0,,,
SY0020-27,2026-04-05,31.0,,,
SY0020-27,2026-04-06,4.0,,,
SY0020-27,2026-04-07,21.0,,,
SY0020-27,2026-04-08,5.0,,,
SY0020-27,2026-04-09,17.0,,,
SY0020-27,2026-04-10,11.0,,,
SY0020-27,2026-04-11,13.0,,,
SY0020-27,2026-04-12,0.0,,,
SY0020-27,2026-04-13,21.0,,,
SY0020-27,2026-04-14,5.0,,,
SY0020-27,2026-04-15,0.0,,,
SY0020-27,2026-04-16,18.0,,,
SY0020-27,2026-04-17,29.0,,,
SY0020-27,2026-04-18,19.0,,,
SY0020-27,2026-04-19,42.0,,,
SY0020-27,2026-04-20,17.0,,,
SY0020-27,2026-04-21,0.0,,,
SY0020-27,2026-04-22,22.0,,,
SY0020-27,2026-04-23,24.0,,,
SY0020-27,2026-04-24,17.0,,,
SY0020-27,2026-04-25,4.0,,,
SY0020-27,2026-04-26,4.0,,,
SY0020-27,2026-04-27,16.0,,,
SY0020-27,2026-04-28,22.0,,,
SY0020-27,2026-04-29,22.0,,,
SY0020-27,2026-04-30,4.0,,,
SY0020-27,2026-05-01,25.0,,,
SY0020-27,2026-05-02,22.0,,,
SY0020-27,2026-05-03,27.0,,,
SY0020-27,2026-05-04,26.0,,,
SY0020-27,2026-05-05,16.0,,,
SY0020-27,2026-05-06,18.0,,,
SY0020-27,2026-05-07,4.0,,,
SY0020-27,2026-05-08,15.0,,,
SY0020-27,2026-05-09,16.0,,,
SY0020-27,2026-05-10,12.0,,,
SY0020-27,2026-05-11,12.0,,,
SY0020-27,2026-05-12,49.0,,,
SY0020-27,2026-05-13,8.0,,,
SY0020-27,2026-05-14,18.0,,,
SY0020-27,2026-05-15,8.0,,,
SY0020-27,2026-05-16,33.0,,,
SY0020-27,2026-05-17,0.0,,,
SY0020-27,2026-05-18,8.0,,,
SY0020-27,2026-05-19,12.0,,,
SY0020-27,2026-05-20,23.0,,,
SY0020-27,2026-05-21,19.0,,,
SY0020-27,2026-05-22,13.0,,,
SY0020-27,2026-05-23,19.0,,,
SY0020-27,2026-05-24,22.0,,,
SY0020-27,2026-05-25,13.0,,,
SY0020-27,2026-05-26,16.0,,,
SY0020-27,2026-05-27,11.0,,,
SY0020-27,2026-05-28,0.0,,,
SY0020-27,2026-05-29,4.0,,,
SY0020-27,2026-05-30,4.0,,,
SY0020-27,2026-05-31,22.0,,,
SY0020-27,2026-06-01,37.0,,,
SY0020-27,2026-06-02,17.0,,,
SY0020-27,2026-06-03,6.0,,,
SY0020-27,2026-06-04,29.0,,,
SY0020-27,2026-06-05,10.0,,,
SY0020-27,2026-06-06,33.0,,,
SY0020-27,2026-06-07,9.0,,,
SY0020-27,2026-06-08,38.0,,,
SY0020-27,2026-06-09,16.0,,,
SY0020-27,2026-06-10,23.0,,,
SY0020-27,2026-06-11,19.0,,,
SY0020-27,2026-06-12,13.0,,,
SY0020-27,2026-06-13,14.0,,,
SY0020-27,2026-06-14,11.0,,,
SY0020-27,2026-06-15,19.0,,,
SY0020-27,2026-06-16,11.0,,,
SY0020-27,2026-06-17,24.0,,,
SY0020-27,2026-06-18,18.0,,,
SY0020-27,2026-06-19,32.0,,,
SY0020-27,2026-06-20,9.0,,,
SY0020-27,2026-06-21,22.0,,,
SY0020-27,2026-06-22,38.0,,,
SY0020-27,2026-06-23,13.0,,,
SY0020-27,2026-06-24,15.0,,,
SY0020-27,2026-06-25,18.0,,,
SY0020-27,2026-06-26,32.0,,,
SY0020-27,2026-06-27,7.0,,,
SY0020-27,2026-06-28,78.0,,,
SY0020-27,2026-06-29,31.0,,,
SY0020-27,2026-06-30,15.0,,,
SY0020-27,2026-07-01,0.0,,,
SY0020-27,2026-07-02,15.0,,,
SY0020-27,2026-07-03,22.0,,,
SY0020-27,2026-07-04,19.0,,,
SY0020-27,2026-07-05,31.0,,,
SY0020-27,2026-07-06,0.0,,,
SY0020-27,2026-07-07,0.0,,,
SY0020-27,2026-07-08,18.0,,,
SY0020-27,2026-07-09,16.0,,,
SY0020-27,2026-07-10,14.0,,,
SY0020-27,2026-07-11,17.0,,,
SY0020-27,2026-07-12,28.0,,,
SY0020-27,2026-07-13,4.0,,,
SY0020-27,2026-07-14,0.0,,,
SY0020-27,2026-07-15,30.0,,,
SY0020-27,2026-07-16,0.0,,,
SY0020-27,2026-07-17,0.0,,,
SY0020-27,2026-07-18,9.0,,,
SY0020-27,2026-07-19,48.0,,,
SY0020-27,2026-07-20,32.0,,,
SY0020-27,2026-07-21,10.0,,,
SY0020-27,2026-07-22,22.0,,,
SY0020-27,FORECAST,,96.41,133.89,171.37
SY0060-7,2026-01-24,8.0,,,
SY0060-7,2026-01-25,24.0,,,
SY0060-7,2026-01-26,20.0,,,
SY0060-7,2026-01-27,14.0,,,
SY0060-7,2026-01-28,32.0,,,
SY0060-7,2026-01-29,10.0,,,
SY0060-7,2026-01-30,11.0,,,
SY0060-7,2026-01-31,48.0,,,
SY0060-7,2026-02-01,24.0,,,
SY0060-7,2026-02-02,8.0,,,
SY0060-7,2026-02-03,24.0,,,
SY0060-7,2026-02-04,12.0,,,
SY0060-7,2026-02-05,17.0,,,
SY0060-7,2026-02-06,12.0,,,
SY0060-7,2026-02-07,22.0,,,
SY0060-7,2026-02-08,12.0,,,
SY0060-7,2026-02-09,10.0,,,
SY0060-7,2026-02-10,21.0,,,
SY0060-7,2026-02-11,19.0,,,
SY0060-7,2026-02-12,13.0,,,
SY0060-7,2026-02-13,17.0,,,
SY0060-7,2026-02-14,18.0,,,
SY0060-7,2026-02-15,7.0,,,
SY0060-7,2026-02-16,6.0,,,
SY0060-7,2026-02-17,12.0,,,
SY0060-7,2026-02-18,7.0,,,
SY0060-7,2026-02-19,11.0,,,
SY0060-7,2026-02-20,15.0,,,
SY0060-7,2026-02-21,17.0,,,
SY0060-7,2026-02-22,31.0,,,
SY0060-7,2026-02-23,13.0,,,
SY0060-7,2026-02-24,20.0,,,
SY0060-7,2026-02-25,3.0,,,
SY0060-7,2026-02-26,34.0,,,
SY0060-7,2026-02-27,25.0,,,
SY0060-7,2026-02-28,13.0,,,
SY0060-7,2026-03-01,21.0,,,
SY0060-7,2026-03-02,14.0,,,
SY0060-7,2026-03-03,24.0,,,
SY0060-7,2026-03-04,17.0,,,
SY0060-7,2026-03-05,29.0,,,
SY0060-7,2026-03-06,16.0,,,
SY0060-7,2026-03-07,28.0,,,
SY0060-7,2026-03-08,18.0,,,
SY0060-7,2026-03-09,15.0,,,
SY0060-7,2026-03-10,0.0,,,
SY0060-7,2026-03-11,32.0,,,
SY0060-7,2026-03-12,18.0,,,
SY0060-7,2026-03-13,0.0,,,
SY0060-7,2026-03-14,15.0,,,
SY0060-7,2026-03-15,7.0,,,
SY0060-7,2026-03-16,9.0,,,
SY0060-7,2026-03-17,16.0,,,
SY0060-7,2026-03-18,12.0,,,
SY0060-7,2026-03-19,24.0,,,
SY0060-7,2026-03-20,13.0,,,
SY0060-7,2026-03-21,26.0,,,
SY0060-7,2026-03-22,6.0,,,
SY0060-7,2026-03-23,6.0,,,
SY0060-7,2026-03-24,23.0,,,
SY0060-7,2026-03-25,20.0,,,
SY0060-7,2026-03-26,26.0,,,
SY0060-7,2026-03-27,3.0,,,
SY0060-7,2026-03-28,45.0,,,
SY0060-7,2026-03-29,0.0,,,
SY0060-7,2026-03-30,10.0,,,
SY0060-7,2026-03-31,6.0,,,
SY0060-7,2026-04-01,2.0,,,
SY0060-7,2026-04-02,35.0,,,
SY0060-7,2026-04-03,12.0,,,
SY0060-7,2026-04-04,30.0,,,
SY0060-7,2026-04-05,9.0,,,
SY0060-7,2026-04-06,21.0,,,
SY0060-7,2026-04-07,19.0,,,
SY0060-7,2026-04-08,13.0,,,
SY0060-7,2026-04-09,13.0,,,
SY0060-7,2026-04-10,13.0,,,
SY0060-7,2026-04-11,20.0,,,
SY0060-7,2026-04-12,11.0,,,
SY0060-7,2026-04-13,11.0,,,
SY0060-7,2026-04-14,11.0,,,
SY0060-7,2026-04-15,18.0,,,
SY0060-7,2026-04-16,50.0,,,
SY0060-7,2026-04-17,14.0,,,
SY0060-7,2026-04-18,6.0,,,
SY0060-7,2026-04-19,0.0,,,
SY0060-7,2026-04-20,18.0,,,
SY0060-7,2026-04-21,25.0,,,
SY0060-7,2026-04-22,9.0,,,
SY0060-7,2026-04-23,11.0,,,
SY0060-7,2026-04-24,38.0,,,
SY0060-7,2026-04-25,8.0,,,
SY0060-7,2026-04-26,16.0,,,
SY0060-7,2026-04-27,15.0,,,
SY0060-7,2026-04-28,22.0,,,
SY0060-7,2026-04-29,16.0,,,
SY0060-7,2026-04-30,6.0,,,
SY0060-7,2026-05-01,5.0,,,
SY0060-7,2026-05-02,29.0,,,
SY0060-7,2026-05-03,9.0,,,
SY0060-7,2026-05-04,18.0,,,
SY0060-7,2026-05-05,16.0,,,
SY0060-7,2026-05-06,23.0,,,
SY0060-7,2026-05-07,48.0,,,
SY0060-7,2026-05-08,15.0,,,
SY0060-7,2026-05-09,16.0,,,
SY0060-7,2026-05-10,24.0,,,
SY0060-7,2026-05-11,0.0,,,
SY0060-7,2026-05-12,23.0,,,
SY0060-7,2026-05-13,14.0,,,
SY0060-7,2026-05-14,0.0,,,
SY0060-7,2026-05-15,19.0,,,
SY0060-7,2026-05-16,13.0,,,
SY0060-7,2026-05-17,9.0,,,
SY0060-7,2026-05-18,28.0,,,
SY0060-7,2026-05-19,15.0,,,
SY0060-7,2026-05-20,22.0,,,
SY0060-7,2026-05-21,29.0,,,
SY0060-7,2026-05-22,10.0,,,
SY0060-7,2026-05-23,34.0,,,
SY0060-7,2026-05-24,9.0,,,
SY0060-7,2026-05-25,10.0,,,
SY0060-7,2026-05-26,14.0,,,
SY0060-7,2026-05-27,20.0,,,
SY0060-7,2026-05-28,8.0,,,
SY0060-7,2026-05-29,8.0,,,
SY0060-7,2026-05-30,20.0,,,
SY0060-7,2026-05-31,0.0,,,
SY0060-7,2026-06-01,19.0,,,
SY0060-7,2026-06-02,15.0,,,
SY0060-7,2026-06-03,7.0,,,
SY0060-7,2026-06-04,21.0,,,
SY0060-7,2026-06-05,20.0,,,
SY0060-7,2026-06-06,0.0,,,
SY0060-7,2026-06-07,26.0,,,
SY0060-7,2026-06-08,4.0,,,
SY0060-7,2026-06-09,13.0,,,
SY0060-7,2026-06-10,14.0,,,
SY0060-7,2026-06-11,9.0,,,
SY0060-7,2026-06-12,22.0,,,
SY0060-7,2026-06-13,23.0,,,
SY0060-7,2026-06-14,8.0,,,
SY0060-7,2026-06-15,12.0,,,
SY0060-7,2026-06-16,8.0,,,
SY0060-7,2026-06-17,15.0,,,
SY0060-7,2026-06-18,7.0,,,
SY0060-7,2026-06-19,38.0,,,
SY0060-7,2026-06-20,12.0,,,
SY0060-7,2026-06-21,0.0,,,
SY0060-7,2026-06-22,15.0,,,
SY0060-7,2026-06-23,41.0,,,
SY0060-7,2026-06-24,8.0,,,
SY0060-7,2026-06-25,10.0,,,
SY0060-7,2026-06-26,7.0,,,
SY0060-7,2026-06-27,28.0,,,
SY0060-7,2026-06-28,10.0,,,
SY0060-7,2026-06-29,29.0,,,
SY0060-7,2026-06-30,9.0,,,
SY0060-7,2026-07-01,11.0,,,
SY0060-7,2026-07-02,10.0,,,
SY0060-7,2026-07-03,22.0,,,
SY0060-7,2026-07-04,24.0,,,
SY0060-7,2026-07-05,7.0,,,
SY0060-7,2026-07-06,16.0,,,
SY0060-7,2026-07-07,16.0,,,
SY0060-7,2026-07-08,14.0,,,
SY0060-7,2026-07-09,3.0,,,
SY0060-7,2026-07-10,0.0,,,
SY0060-7,2026-07-11,13.0,,,
SY0060-7,2026-07-12,23.0,,,
SY0060-7,2026-07-13,23.0,,,
SY0060-7,2026-07-14,14.0,,,
SY0060-7,2026-07-15,17.0,,,
SY0060-7,2026-07-16,14.0,,,
SY0060-7,2026-07-17,15.0,,,
SY0060-7,2026-07-18,11.0,,,
SY0060-7,2026-07-19,0.0,,,
SY0060-7,2026-07-20,6.0,,,
SY0060-7,2026-07-21,18.0,,,
SY0060-7,2026-07-22,19.0,,,
SY0060-7,FORECAST,,65.09,97.91,130.74
SY0009-41,2026-01-24,38.0,,,
SY0009-41,2026-01-25,20.0,,,
SY0009-41,2026-01-26,14.0,,,
SY0009-41,2026-01-27,13.0,,,
SY0009-41,2026-01-28,25.0,,,
SY0009-41,2026-01-29,8.0,,,
SY0009-41,2026-01-30,29.0,,,
SY0009-41,2026-01-31,39.0,,,
SY0009-41,2026-02-01,15.0,,,
SY0009-41,2026-02-02,11.0,,,
SY0009-41,2026-02-03,18.0,,,
SY0009-41,2026-02-04,16.0,,,
SY0009-41,2026-02-05,8.0,,,
SY0009-41,2026-02-06,9.0,,,
SY0009-41,2026-02-07,5.0,,,
SY0009-41,2026-02-08,21.0,,,
SY0009-41,2026-02-09,4.0,,,
SY0009-41,2026-02-10,3.0,,,
SY0009-41,2026-02-11,23.0,,,
SY0009-41,2026-02-12,28.0,,,
SY0009-41,2026-02-13,42.0,,,
SY0009-41,2026-02-14,21.0,,,
SY0009-41,2026-02-15,19.0,,,
SY0009-41,2026-02-16,13.0,,,
SY0009-41,2026-02-17,12.0,,,
SY0009-41,2026-02-18,9.0,,,
SY0009-41,2026-02-19,25.0,,,
SY0009-41,2026-02-20,5.0,,,
SY0009-41,2026-02-21,38.0,,,
SY0009-41,2026-02-22,42.0,,,
SY0009-41,2026-02-23,10.0,,,
SY0009-41,2026-02-24,0.0,,,
SY0009-41,2026-02-25,21.0,,,
SY0009-41,2026-02-26,24.0,,,
SY0009-41,2026-02-27,36.0,,,
SY0009-41,2026-02-28,37.0,,,
SY0009-41,2026-03-01,51.0,,,
SY0009-41,2026-03-02,16.0,,,
SY0009-41,2026-03-03,21.0,,,
SY0009-41,2026-03-04,27.0,,,
SY0009-41,2026-03-05,15.0,,,
SY0009-41,2026-03-06,17.0,,,
SY0009-41,2026-03-07,39.0,,,
SY0009-41,2026-03-08,7.0,,,
SY0009-41,2026-03-09,2.0,,,
SY0009-41,2026-03-10,14.0,,,
SY0009-41,2026-03-11,19.0,,,
SY0009-41,2026-03-12,12.0,,,
SY0009-41,2026-03-13,12.0,,,
SY0009-41,2026-03-14,11.0,,,
SY0009-41,2026-03-15,4.0,,,
SY0009-41,2026-03-16,8.0,,,
SY0009-41,2026-03-17,6.0,,,
SY0009-41,2026-03-18,22.0,,,
SY0009-41,2026-03-19,12.0,,,
SY0009-41,2026-03-20,20.0,,,
SY0009-41,2026-03-21,21.0,,,
SY0009-41,2026-03-22,6.0,,,
SY0009-41,2026-03-23,16.0,,,
SY0009-41,2026-03-24,11.0,,,
SY0009-41,2026-03-25,19.0,,,
SY0009-41,2026-03-26,18.0,,,
SY0009-41,2026-03-27,0.0,,,
SY0009-41,2026-03-28,7.0,,,
SY0009-41,2026-03-29,13.0,,,
SY0009-41,2026-03-30,11.0,,,
SY0009-41,2026-03-31,34.0,,,
SY0009-41,2026-04-01,5.0,,,
SY0009-41,2026-04-02,19.0,,,
SY0009-41,2026-04-03,0.0,,,
SY0009-41,2026-04-04,2.0,,,
SY0009-41,2026-04-05,0.0,,,
SY0009-41,2026-04-06,19.0,,,
SY0009-41,2026-04-07,8.0,,,
SY0009-41,2026-04-08,0.0,,,
SY0009-41,2026-04-09,35.0,,,
SY0009-41,2026-04-10,9.0,,,
SY0009-41,2026-04-11,18.0,,,
SY0009-41,2026-04-12,0.0,,,
SY0009-41,2026-04-13,19.0,,,
SY0009-41,2026-04-14,22.0,,,
SY0009-41,2026-04-15,45.0,,,
SY0009-41,2026-04-16,12.0,,,
SY0009-41,2026-04-17,16.0,,,
SY0009-41,2026-04-18,0.0,,,
SY0009-41,2026-04-19,17.0,,,
SY0009-41,2026-04-20,21.0,,,
SY0009-41,2026-04-21,16.0,,,
SY0009-41,2026-04-22,18.0,,,
SY0009-41,2026-04-23,5.0,,,
SY0009-41,2026-04-24,14.0,,,
SY0009-41,2026-04-25,16.0,,,
SY0009-41,2026-04-26,0.0,,,
SY0009-41,2026-04-27,15.0,,,
SY0009-41,2026-04-28,4.0,,,
SY0009-41,2026-04-29,39.0,,,
SY0009-41,2026-04-30,5.0,,,
SY0009-41,2026-05-01,19.0,,,
SY0009-41,2026-05-02,16.0,,,
SY0009-41,2026-05-03,4.0,,,
SY0009-41,2026-05-04,19.0,,,
SY0009-41,2026-05-05,19.0,,,
SY0009-41,2026-05-06,20.0,,,
SY0009-41,2026-05-07,11.0,,,
SY0009-41,2026-05-08,15.0,,,
SY0009-41,2026-05-09,5.0,,,
SY0009-41,2026-05-10,18.0,,,
SY0009-41,2026-05-11,11.0,,,
SY0009-41,2026-05-12,7.0,,,
SY0009-41,2026-05-13,3.0,,,
SY0009-41,2026-05-14,0.0,,,
SY0009-41,2026-05-15,43.0,,,
SY0009-41,2026-05-16,6.0,,,
SY0009-41,2026-05-17,25.0,,,
SY0009-41,2026-05-18,6.0,,,
SY0009-41,2026-05-19,9.0,,,
SY0009-41,2026-05-20,23.0,,,
SY0009-41,2026-05-21,8.0,,,
SY0009-41,2026-05-22,5.0,,,
SY0009-41,2026-05-23,6.0,,,
SY0009-41,2026-05-24,15.0,,,
SY0009-41,2026-05-25,10.0,,,
SY0009-41,2026-05-26,19.0,,,
SY0009-41,2026-05-27,15.0,,,
SY0009-41,2026-05-28,27.0,,,
SY0009-41,2026-05-29,40.0,,,
SY0009-41,2026-05-30,17.0,,,
SY0009-41,2026-05-31,19.0,,,
SY0009-41,2026-06-01,0.0,,,
SY0009-41,2026-06-02,29.0,,,
SY0009-41,2026-06-03,15.0,,,
SY0009-41,2026-06-04,14.0,,,
SY0009-41,2026-06-05,17.0,,,
SY0009-41,2026-06-06,23.0,,,
SY0009-41,2026-06-07,12.0,,,
SY0009-41,2026-06-08,13.0,,,
SY0009-41,2026-06-09,20.0,,,
SY0009-41,2026-06-10,6.0,,,
SY0009-41,2026-06-11,29.0,,,
SY0009-41,2026-06-12,15.0,,,
SY0009-41,2026-06-13,23.0,,,
SY0009-41,2026-06-14,20.0,,,
SY0009-41,2026-06-15,12.0,,,
SY0009-41,2026-06-16,26.0,,,
SY0009-41,2026-06-17,21.0,,,
SY0009-41,2026-06-18,10.0,,,
SY0009-41,2026-06-19,22.0,,,
SY0009-41,2026-06-20,10.0,,,
SY0009-41,2026-06-21,30.0,,,
SY0009-41,2026-06-22,2.0,,,
SY0009-41,2026-06-23,0.0,,,
SY0009-41,2026-06-24,23.0,,,
SY0009-41,2026-06-25,9.0,,,
SY0009-41,2026-06-26,19.0,,,
SY0009-41,2026-06-27,17.0,,,
SY0009-41,2026-06-28,10.0,,,
SY0009-41,2026-06-29,13.0,,,
SY0009-41,2026-06-30,25.0,,,
SY0009-41,2026-07-01,22.0,,,
SY0009-41,2026-07-02,25.0,,,
SY0009-41,2026-07-03,6.0,,,
SY0009-41,2026-07-04,10.0,,,
SY0009-41,2026-07-05,0.0,,,
SY0009-41,2026-07-06,11.0,,,
SY0009-41,2026-07-07,31.0,,,
SY0009-41,2026-07-08,0.0,,,
SY0009-41,2026-07-09,17.0,,,
SY0009-41,2026-07-10,6.0,,,
SY0009-41,2026-07-11,30.0,,,
SY0009-41,2026-07-12,12.0,,,
SY0009-41,2026-07-13,17.0,,,
SY0009-41,2026-07-14,19.0,,,
SY0009-41,2026-07-15,15.0,,,
SY0009-41,2026-07-16,8.0,,,
SY0009-41,2026-07-17,20.0,,,
SY0009-41,2026-07-18,17.0,,,
SY0009-41,2026-07-19,11.0,,,
SY0009-41,2026-07-20,10.0,,,
SY0009-41,2026-07-21,7.0,,,
SY0009-41,2026-07-22,15.0,,,
SY0009-41,FORECAST,,59.73,95.0,130.28
