model,fpr,tpr
LogisticRegression,0.0,0.0
LogisticRegression,0.023872679045092837,0.19186046511627908
LogisticRegression,0.023872679045092837,0.20348837209302326
LogisticRegression,0.029177718832891247,0.20348837209302326
LogisticRegression,0.029177718832891247,0.21511627906976744
LogisticRegression,0.03183023872679045,0.21511627906976744
LogisticRegression,0.03183023872679045,0.23837209302325582
LogisticRegression,0.09814323607427056,0.5348837209302325
LogisticRegression,0.09814323607427056,0.5406976744186046
LogisticRegression,0.10079575596816977,0.5406976744186046
LogisticRegression,0.10079575596816977,0.5465116279069767
LogisticRegression,0.16445623342175067,0.7558139534883721
LogisticRegression,0.18037135278514588,0.7616279069767442
LogisticRegression,0.1830238726790451,0.7616279069767442
LogisticRegression,0.22281167108753316,0.8023255813953488
LogisticRegression,0.22281167108753316,0.813953488372093
LogisticRegression,0.23076923076923078,0.813953488372093
LogisticRegression,0.23076923076923078,0.8197674418604651
LogisticRegression,0.23342175066312998,0.8197674418604651
LogisticRegression,0.23342175066312998,0.8255813953488372
LogisticRegression,0.33421750663129973,0.9302325581395349
LogisticRegression,0.5145888594164456,0.9825581395348837
LogisticRegression,0.519893899204244,0.9825581395348837
LogisticRegression,0.5915119363395226,0.9941860465116279
LogisticRegression,1.0,1.0
RandomForest,0.0,0.0
RandomForest,0.015915119363395226,0.1569767441860465
RandomForest,0.015915119363395226,0.18604651162790697
RandomForest,0.16710875331564987,0.7093023255813954
RandomForest,0.20159151193633953,0.7441860465116279
RandomForest,0.20424403183023873,0.7441860465116279
RandomForest,0.34748010610079577,0.9244186046511628
RandomForest,0.35278514588859416,0.9244186046511628
RandomForest,0.44562334217506633,0.9476744186046512
RandomForest,0.4509283819628647,0.9476744186046512
RandomForest,0.5092838196286472,0.9651162790697675
RandomForest,0.5437665782493368,0.9883720930232558
RandomForest,0.5490716180371353,0.9883720930232558
RandomForest,1.0,1.0
XGBoost,0.0,0.0
XGBoost,0.03713527851458886,0.3081395348837209
XGBoost,0.03713527851458886,0.313953488372093
XGBoost,0.04509283819628647,0.313953488372093
XGBoost,0.04509283819628647,0.3313953488372093
XGBoost,0.04774535809018567,0.3313953488372093
XGBoost,0.05305039787798409,0.4127906976744186
XGBoost,0.05570291777188329,0.4127906976744186
XGBoost,0.15119363395225463,0.622093023255814
XGBoost,0.15384615384615385,0.622093023255814
XGBoost,0.2572944297082228,0.8488372093023255
XGBoost,0.259946949602122,0.8488372093023255
XGBoost,0.363395225464191,0.9418604651162791
XGBoost,0.3660477453580902,0.9418604651162791
XGBoost,0.46153846153846156,0.9767441860465116
XGBoost,0.46419098143236076,0.9767441860465116
XGBoost,0.5517241379310345,0.9825581395348837
XGBoost,0.5543766578249337,0.9825581395348837
XGBoost,0.5782493368700266,0.9883720930232558
XGBoost,0.5862068965517241,0.9883720930232558
XGBoost,1.0,1.0
Oracle,0.0,0.0
Oracle,0.0,0.005813953488372093
Oracle,0.0,0.01744186046511628
Oracle,0.002652519893899204,0.01744186046511628
Oracle,0.002652519893899204,0.046511627906976744
Oracle,0.005305039787798408,0.046511627906976744
Oracle,0.005305039787798408,0.06976744186046512
Oracle,0.007957559681697613,0.06976744186046512
Oracle,0.007957559681697613,0.10465116279069768
Oracle,0.010610079575596816,0.10465116279069768
Oracle,0.010610079575596816,0.11627906976744186
Oracle,0.015915119363395226,0.11627906976744186
Oracle,0.015915119363395226,0.13953488372093023
Oracle,0.01856763925729443,0.13953488372093023
Oracle,0.01856763925729443,0.18023255813953487
Oracle,0.021220159151193633,0.18023255813953487
Oracle,0.021220159151193633,0.2616279069767442
Oracle,0.026525198938992044,0.2616279069767442
Oracle,0.026525198938992044,0.26744186046511625
Oracle,0.029177718832891247,0.26744186046511625
Oracle,0.029177718832891247,0.29651162790697677
Oracle,0.03183023872679045,0.29651162790697677
Oracle,0.03183023872679045,0.313953488372093
Oracle,0.034482758620689655,0.313953488372093
Oracle,0.034482758620689655,0.3313953488372093
Oracle,0.03978779840848806,0.3313953488372093
Oracle,0.03978779840848806,0.3488372093023256
Oracle,0.042440318302387266,0.3488372093023256
Oracle,0.042440318302387266,0.3546511627906977
Oracle,0.04509283819628647,0.3546511627906977
Oracle,0.04509283819628647,0.37209302325581395
Oracle,0.04774535809018567,0.37209302325581395
Oracle,0.04774535809018567,0.4127906976744186
Oracle,0.050397877984084884,0.4127906976744186
Oracle,0.050397877984084884,0.4418604651162791
Oracle,0.058355437665782495,0.4418604651162791
Oracle,0.058355437665782495,0.45348837209302323
Oracle,0.0636604774535809,0.45348837209302323
Oracle,0.0636604774535809,0.45930232558139533
Oracle,0.06631299734748011,0.45930232558139533
Oracle,0.06631299734748011,0.46511627906976744
Oracle,0.06896551724137931,0.46511627906976744
Oracle,0.06896551724137931,0.4941860465116279
Oracle,0.07957559681697612,0.4941860465116279
Oracle,0.07957559681697612,0.5058139534883721
Oracle,0.08222811671087533,0.5058139534883721
Oracle,0.08222811671087533,0.5174418604651163
Oracle,0.08488063660477453,0.5174418604651163
Oracle,0.08488063660477453,0.5465116279069767
Oracle,0.08753315649867374,0.5465116279069767
Oracle,0.08753315649867374,0.5523255813953488
Oracle,0.09549071618037135,0.5523255813953488
Oracle,0.09549071618037135,0.5581395348837209
Oracle,0.09814323607427056,0.5581395348837209
Oracle,0.09814323607427056,0.5813953488372093
Oracle,0.10610079575596817,0.5813953488372093
Oracle,0.10610079575596817,0.5930232558139535
Oracle,0.10875331564986737,0.5930232558139535
Oracle,0.10875331564986737,0.5988372093023255
Oracle,0.11140583554376658,0.5988372093023255
Oracle,0.11140583554376658,0.6511627906976745
Oracle,0.1220159151193634,0.6511627906976745
Oracle,0.1220159151193634,0.6569767441860465
Oracle,0.1246684350132626,0.6569767441860465
Oracle,0.1246684350132626,0.6686046511627907
Oracle,0.129973474801061,0.6686046511627907
Oracle,0.129973474801061,0.6744186046511628
Oracle,0.13262599469496023,0.6744186046511628
Oracle,0.13262599469496023,0.6802325581395349
Oracle,0.14854111405835543,0.6802325581395349
Oracle,0.14854111405835543,0.6976744186046512
Oracle,0.15384615384615385,0.6976744186046512
Oracle,0.15384615384615385,0.7093023255813954
Oracle,0.16180371352785147,0.7093023255813954
Oracle,0.16180371352785147,0.7151162790697675
Oracle,0.16710875331564987,0.7151162790697675
Oracle,0.16710875331564987,0.7209302325581395
Oracle,0.17506631299734748,0.7209302325581395
Oracle,0.17506631299734748,0.7267441860465116
Oracle,0.18037135278514588,0.7267441860465116
Oracle,0.18037135278514588,0.7325581395348837
Oracle,0.1856763925729443,0.7325581395348837
Oracle,0.1856763925729443,0.7441860465116279
Oracle,0.19363395225464192,0.7441860465116279
Oracle,0.19363395225464192,0.75
Oracle,0.1962864721485411,0.75
Oracle,0.1962864721485411,0.7558139534883721
Oracle,0.1989389920424403,0.7558139534883721
Oracle,0.1989389920424403,0.7790697674418605
Oracle,0.20689655172413793,0.7790697674418605
Oracle,0.20689655172413793,0.7848837209302325
Oracle,0.22281167108753316,0.7848837209302325
Oracle,0.22281167108753316,0.8023255813953488
Oracle,0.22546419098143236,0.8023255813953488
Oracle,0.22546419098143236,0.8081395348837209
Oracle,0.22811671087533156,0.8081395348837209
Oracle,0.22811671087533156,0.8197674418604651
Oracle,0.23607427055702918,0.8197674418604651
Oracle,0.23607427055702918,0.8255813953488372
Oracle,0.246684350132626,0.8255813953488372
Oracle,0.246684350132626,0.8372093023255814
Oracle,0.2493368700265252,0.8372093023255814
Oracle,0.2493368700265252,0.8430232558139535
Oracle,0.2519893899204244,0.8430232558139535
Oracle,0.2519893899204244,0.8546511627906976
Oracle,0.2546419098143236,0.8546511627906976
Oracle,0.2546419098143236,0.8662790697674418
Oracle,0.2572944297082228,0.8662790697674418
Oracle,0.2572944297082228,0.872093023255814
Oracle,0.27586206896551724,0.872093023255814
Oracle,0.27586206896551724,0.877906976744186
Oracle,0.2891246684350133,0.877906976744186
Oracle,0.2891246684350133,0.8837209302325582
Oracle,0.29442970822281167,0.8837209302325582
Oracle,0.29442970822281167,0.8895348837209303
Oracle,0.29708222811671087,0.8895348837209303
Oracle,0.29708222811671087,0.8953488372093024
Oracle,0.3129973474801061,0.8953488372093024
Oracle,0.3129973474801061,0.9186046511627907
Oracle,0.36074270557029176,0.9186046511627907
Oracle,0.36074270557029176,0.9244186046511628
Oracle,0.3660477453580902,0.9244186046511628
Oracle,0.3660477453580902,0.9302325581395349
Oracle,0.3687002652519894,0.9302325581395349
Oracle,0.3687002652519894,0.936046511627907
Oracle,0.4005305039787798,0.936046511627907
Oracle,0.4005305039787798,0.9418604651162791
Oracle,0.40583554376657827,0.9418604651162791
Oracle,0.40583554376657827,0.9476744186046512
Oracle,0.41644562334217505,0.9476744186046512
Oracle,0.41644562334217505,0.9534883720930233
Oracle,0.4350132625994695,0.9534883720930233
Oracle,0.4350132625994695,0.9593023255813954
Oracle,0.4960212201591512,0.9593023255813954
Oracle,0.4960212201591512,0.9651162790697675
Oracle,0.5145888594164456,0.9651162790697675
Oracle,0.5145888594164456,0.9709302325581395
Oracle,0.5305039787798409,0.9709302325581395
Oracle,0.5305039787798409,0.9767441860465116
Oracle,0.5755968169761273,0.9767441860465116
Oracle,0.5755968169761273,0.9825581395348837
Oracle,0.5862068965517241,0.9825581395348837
Oracle,0.5862068965517241,0.9883720930232558
Oracle,0.5888594164456233,0.9883720930232558
Oracle,0.5888594164456233,0.9941860465116279
Oracle,0.6047745358090185,0.9941860465116279
Oracle,0.6047745358090185,1.0
Oracle,1.0,1.0
